{"name":"4e7e8548-267e-4c7c-96b7-ce6183416184","id":"/providers/Microsoft.Flow/flows/4e7e8548-267e-4c7c-96b7-ce6183416184","type":"Microsoft.Flow/flows","properties":{"apiId":"/providers/Microsoft.PowerApps/apis/shared_logicflows","displayName":"When a new tweet is posted -> Detect Sentiment 2,Create a new record","definition":{"metadata":{"workflowEntityId":null,"creator":{"id":"9e9e952e-5e97-4857-a6b6-c5ab9b6e270e","type":"User","tenantId":"65e4e06f-f263-4c1f-becb-90deb8c2d9ff"},"provisioningMethod":"FromDefinition","failureAlertSubscription":true,"clientLastModifiedTime":"2019-10-20T15:27:58.0261973Z"},"$schema":"https://schema.management.azure.com/providers/Microsoft.Logic/schemas/2016-06-01/workflowdefinition.json#","contentVersion":"1.0.0.0","parameters":{"$connections":{"defaultValue":{},"type":"Object"},"$authentication":{"defaultValue":{},"type":"SecureObject"}},"triggers":{"When_a_new_tweet_is_posted":{"recurrence":{"interval":5,"frequency":"Minute"},"splitOn":"@triggerBody()?['value']","metadata":{"flowSystemMetadata":{"swaggerOperationId":"OnNewTweet"}},"type":"ApiConnection","inputs":{"host":{"connection":{"name":"@parameters('$connections')['shared_twitter']['connectionId']"},"api":{"runtimeUrl":"https://unitedstates-002.azure-apim.net/apim/twitter"}},"method":"get","path":"/onnewtweet","queries":{"searchQuery":"#NTTData"},"authentication":"@parameters('$authentication')"}}},"actions":{"Detect_Sentiment_2":{"runAfter":{},"metadata":{"flowSystemMetadata":{"swaggerOperationId":"DetectSentimentV2"}},"type":"ApiConnection","inputs":{"host":{"connection":{"name":"@parameters('$connections')['shared_cognitiveservicestextanalytics']['connectionId']"},"api":{"runtimeUrl":"https://unitedstates-002.azure-apim.net/apim/cognitiveservicestextanalytics"}},"method":"post","body":{"text":"@triggerBody()?['TweetText']"},"path":"/text/analytics/v2.1/sentiment","authentication":"@parameters('$authentication')"}},"Create_a_new_record":{"runAfter":{"Detect_Sentiment_2":["Succeeded"]},"metadata":{"flowSystemMetadata":{"swaggerOperationId":"PostItem"}},"type":"ApiConnection","inputs":{"host":{"connection":{"name":"@parameters('$connections')['shared_dynamicscrmonline']['connectionId']"},"api":{"runtimeUrl":"https://unitedstates-002.azure-apim.net/apim/dynamicscrmonline"}},"method":"post","body":{"new_name":"@triggerBody()?['UserDetails']?['FullName']","new_sentimentscore":"@body('Detect_Sentiment_2')?['score']","_statuscode_label":"Active","new_tweettext":"@triggerBody()?['TweetText']"},"path":"/datasets/@{encodeURIComponent(encodeURIComponent('org95588155.crm'))}/tables/@{encodeURIComponent(encodeURIComponent('new_sentiments'))}/items","authentication":"@parameters('$authentication')"}}},"outputs":{}},"connectionReferences":{"shared_twitter":{"connectionName":"shared-twitter-90700871-73b5-40f2-abd6-f1139f995990","source":"Embedded","id":"/providers/Microsoft.PowerApps/apis/shared_twitter","tier":"NotSpecified"},"shared_cognitiveservicestextanalytics":{"connectionName":"shared-cognitiveserv-80126e38-e781-46c9-82e7-54dc955a41b4","source":"Embedded","id":"/providers/Microsoft.PowerApps/apis/shared_cognitiveservicestextanalytics","tier":"NotSpecified"},"shared_dynamicscrmonline":{"connectionName":"shared-dynamicscrmon-05c78314-a285-4cd4-8a6e-7414e6ca53bf","source":"Embedded","id":"/providers/Microsoft.PowerApps/apis/shared_dynamicscrmonline","tier":"NotSpecified"}},"flowFailureAlertSubscribed":false}}